﻿Designator,Footprint,Quantity,Value,LCSC Part #
5.1K11,0402,1,R,
AE11,Texas_SWRA117Dmodified,1,Antenna,
BT11,BatteryHolder_Keystone_1042_1x18650,1,Battery,
BTE11,BatteryHolder_Multicomp_BC-2001_1x2032,1,~,
BZ11,9032,1,Buzzer,
"C11, C12, C21, C24, C26, C28, C30, C31, C32",0402,9,100nF,
"C13, C29, C33",0805,3,10uF 50V,C440198
"C14, C15",0402,2,12pF,
"C16, C17, C20",0402,3,1uF,
C18,0805,1,10uF 50V,
"C19, C23, C27, C34, C35, C36, C37, C38, C39, C40, C41, C42, C43, C44, C45, C46, C47, C48, C49, C50, C51, C52, C53",0402,23,1nF,C1523
"C22, C25",0402,2,1pf,
"D11, D12, D13, D17, D19",0805,5,RED,C84256
D14,0805,1,GREEN,C2297
"D15, D16, D21, D23",D_SOD-123,4,D,C8598
"D18, D20, D22, D24",LED_IN-PI42TASPRPGPB,4,IN-PI42TASPRPGPB,
D25,ilc2-12,1,ilc2-12,
J11,USB_C_Receptacle_GCT_USB4105-xx-A_16P_TopMnt_Horizontal,1,USB_C_Receptacle,C393939
J14,Slider,1,SLIDE,
J15,touchButton,1,BUTT,
J16,IDC-Header_2x03_P2.54mm_Vertical,1,Conn_02x03_Odd_Even,
L11,L_APV_ANR252010,1,L,C19267877
Q11,SOT-23,1,AO3401A,
"Q52, Q53, Q54, Q55, Q56, Q57, Q58, Q59, Q60, Q61, Q62, Q63, Q64, Q65, Q66, Q67, Q68, Q69, Q70, Q71",SOT-23-6,20,DMC3071LVT,C18221386
"R11, R12, R13, R16, R17, R22",0402,6,1K,
"R14, R67, R68, R69, R70, R71, R72, R73, R74, R75, R76, R77, R78, R79, R80, R81, R82, R83, R84, R85, R86",0402,21,5.1K,
"R15, R18, R21, R23, R26, R27, R29, R31, R33, R35, R37, R39, R41, R43, R45, R47, R49, R51, R53, R55, R57, R59, R61, R63, R65",0402,25,10K,
R19,0402,1,R,
"R20, R24",0402,2,47,C1096
R25,0402,1,190K,
"R28, R30, R32, R34, R36, R38, R40, R42, R44, R46, R48, R50, R52, R54, R56, R58, R60, R62, R64, R66",0402,20,100K,
SW11,SW_Push_1P1T_NO_6x6mm_H9.5mm,1,SW_Push,
U11,SOT-353_SC-70-5,1,74AHCT1G14,C460501
U12,SOT-23-3,1,XC6206PxxxMR,
U13,SOT-23-6,1,FM116B,    C2802264
U14,TSOT-23-6,1,TP4057,
U15,QFN-48-1EP_5x5mm_P0.35mm_EP3.7x3.7mm,1,CH32V208CBU6,
U16,SOT-23-5,1,LGS6302B5,C5123975
Y11,Crystal_SMD_3215-2Pin_3.2x1.5mm,1,Crystal,C32346
Y12,Crystal_SMD_3225-4Pin_3.2x2.5mm,1,32MHz,C164054
